<?xml version="1.0" encoding="UTF-8"?>
<ecore:EPackage xmi:version="2.0" xmlns:xmi="http://www.omg.org/XMI" xmlns:ComIbmCompute.msgnode="ComIbmCompute.msgnode" xmlns:ComIbmMQInput.msgnode="ComIbmMQInput.msgnode" xmlns:ComIbmTrace.msgnode="ComIbmTrace.msgnode" xmlns:ecore="http://www.eclipse.org/emf/2002/Ecore" xmlns:eflow="http://www.ibm.com/wbi/2005/eflow" xmlns:utility="http://www.ibm.com/wbi/2005/eflow_utility" nsURI="ib/bbva/esb/audit/FlowAuditingGeneric.msgflow" nsPrefix="ib_bbva_esb_audit_FlowAuditingGeneric.msgflow">
  <eClassifiers xmi:type="eflow:FCMComposite" name="FCMComposite_1">
    <eSuperTypes href="http://www.ibm.com/wbi/2005/eflow#//FCMBlock"/>
    <eStructuralFeatures xmi:type="ecore:EAttribute" xmi:id="Property.PATH_OK" name="PATH_OK" defaultValueLiteral="/logs/proyecto/audit/logsApp/FlujoAudit_OK.log">
      <eType xmi:type="ecore:EDataType" href="http://www.eclipse.org/emf/2002/Ecore#//EString"/>
    </eStructuralFeatures>
    <eStructuralFeatures xmi:type="ecore:EAttribute" xmi:id="Property.PATH_ERROR" name="PATH_ERROR" defaultValueLiteral="/logs/proyecto/audit/logsApp/FlujoAudit_ERROR.log">
      <eType xmi:type="ecore:EDataType" href="http://www.eclipse.org/emf/2002/Ecore#//EString"/>
    </eStructuralFeatures>
    <eStructuralFeatures xmi:type="ecore:EAttribute" xmi:id="Property.destinationQueueManagerName" name="destinationQueueManagerName" defaultValueLiteral="TMDW1">
      <eType xmi:type="ecore:EDataType" href="http://www.eclipse.org/emf/2002/Ecore#//EString"/>
    </eStructuralFeatures>
    <eStructuralFeatures xmi:type="ecore:EAttribute" xmi:id="Property.queueManagerHostname" name="queueManagerHostname" defaultValueLiteral="118.180.188.127">
      <eType xmi:type="ecore:EDataType" href="http://www.eclipse.org/emf/2002/Ecore#//EString"/>
    </eStructuralFeatures>
    <eStructuralFeatures xmi:type="ecore:EAttribute" xmi:id="Property.listenerPortNumber" name="listenerPortNumber" defaultValueLiteral="2415">
      <eType xmi:type="ecore:EDataType" href="http://www.eclipse.org/emf/2002/Ecore#//EString"/>
    </eStructuralFeatures>
    <eStructuralFeatures xmi:type="ecore:EAttribute" xmi:id="Property.channelName" name="channelName" defaultValueLiteral="CHL.HUB.CLT.TCP">
      <eType xmi:type="ecore:EDataType" href="http://www.eclipse.org/emf/2002/Ecore#//EString"/>
    </eStructuralFeatures>
    <eStructuralFeatures xmi:type="ecore:EAttribute" xmi:id="Property.dataSource" name="dataSource" defaultValueLiteral="APP_HUBACE">
      <eType xmi:type="ecore:EDataType" href="http://www.eclipse.org/emf/2002/Ecore#//EString"/>
    </eStructuralFeatures>
    <translation xmi:type="utility:TranslatableString" key="FlowAuditingGeneric" bundleName="ib/bbva/esb/audit/FlowAuditingGeneric" pluginId="MFP_ESB_AUDITORIA"/>
    <colorGraphic16 xmi:type="utility:GIFFileGraphic" resourceName="platform:/plugin/MFP_ESB_AUDITORIA/icons/full/obj16/FlowAuditingGeneric.gif"/>
    <colorGraphic32 xmi:type="utility:GIFFileGraphic" resourceName="platform:/plugin/MFP_ESB_AUDITORIA/icons/full/obj30/FlowAuditingGeneric.gif"/>
    <composition>
      <nodes xmi:type="ComIbmMQInput.msgnode:FCMComposite_1" xmi:id="FCMComposite_1_1" location="175,163" queueName="QL.GEN.AUDIT.REQ.01" connection="CLIENT" destinationQueueManagerName="QUEUEMANAGER" queueManagerHostname="HOST" listenerPortNumber="11111" channelName="CHANNEL" messageDomainProperty="XMLNSC" parserXmlnscUseForXmlnsDomain="true" transactionMode="automatic" componentLevel="node" additionalInstances="1">
        <translation xmi:type="utility:ConstantString" string="QL.GEN.AUDIT.REQ.01"/>
      </nodes>
      <nodes xmi:type="ComIbmTrace.msgnode:FCMComposite_1" xmi:id="FCMComposite_1_2" location="355,81" destination="file" pattern="&#xD;&#xA;********/ Error 1 /********************&#xD;&#xA;Broker: ${BrokerName}  IS: ${ExecutionGroupLabel}  Version: ${BrokerVersion}  Platform: ${Family}&#xD;&#xA;CorrelId = ${Root.MQMD.MsgId}&#xD;&#xA;Fecha y Hora = ${CURRENT_TIMESTAMP}&#xD;&#xA;-----------------------------------------------&#xD;&#xA;Root = ${Root}&#xD;&#xA;Error = ${ExceptionList}&#xD;&#xA;&#xD;&#xA;">
        <translation xmi:type="utility:ConstantString" string="T_Error1"/>
      </nodes>
      <nodes xmi:type="ComIbmTrace.msgnode:FCMComposite_1" xmi:id="FCMComposite_1_3" location="356,163" destination="file" pattern="&#xD;&#xA;********/Info 1/********************&#xD;&#xA;Broker: ${BrokerName}  IS: ${ExecutionGroupLabel}  Version: ${BrokerVersion}  Platform: ${Family}&#xD;&#xA;CorrelId = ${Root.MQMD.MsgId}&#xD;&#xA;Fecha y Hora = ${CURRENT_TIMESTAMP}&#xD;&#xA;-----------------------------------------------&#xD;&#xA;Root = ${CASE WHEN Root.MQRFH2.usr.Parametros.CONFIDENCIAL = 'S' THEN  'CONFIDENCIAL' ELSE Root END}&#xD;&#xA;">
        <translation xmi:type="utility:ConstantString" string="T_Info1"/>
      </nodes>
      <nodes xmi:type="ComIbmCompute.msgnode:FCMComposite_1" xmi:id="FCMComposite_1_4" location="429,163" computeExpression="esql://routine/ib.bbva.esb.audit#FlowAuditingGeneric_ObtenerParametros.Main">
        <translation xmi:type="utility:ConstantString" string="ObtenerParametros"/>
      </nodes>
      <nodes xmi:type="ComIbmTrace.msgnode:FCMComposite_1" xmi:id="FCMComposite_1_5" location="576,164" destination="file" pattern="&#xD;&#xA;********/Info 2/********************&#xD;&#xA;Broker: ${BrokerName}  IS: ${ExecutionGroupLabel}  Version: ${BrokerVersion}  Platform: ${Family}&#xD;&#xA;CorrelId = ${Root.MQMD.MsgId}&#xD;&#xA;Fecha y Hora = ${CURRENT_TIMESTAMP}&#xD;&#xA;-----------------------------------------------&#xD;&#xA;Root = ${CASE WHEN Root.MQRFH2.usr.Parametros.CONFIDENCIAL = 'S' THEN  'CONFIDENCIAL' ELSE Root END}&#xD;&#xA;">
        <translation xmi:type="utility:ConstantString" string="T_Info2"/>
      </nodes>
      <nodes xmi:type="ComIbmCompute.msgnode:FCMComposite_1" xmi:id="FCMComposite_1_6" location="660,164" dataSource="APP_HUBACE" computeExpression="esql://routine/ib.bbva.esb.audit#FlowAuditingGeneric_RegistrarMensaje.Main">
        <translation xmi:type="utility:ConstantString" string="RegistrarMensaje"/>
      </nodes>
      <nodes xmi:type="ComIbmTrace.msgnode:FCMComposite_1" xmi:id="FCMComposite_1_7" location="809,165" destination="file" pattern="********/Info 3/********************&#xD;&#xA;Broker: ${BrokerName}  IS: ${ExecutionGroupLabel}  Version: ${BrokerVersion}  Platform: ${Family}&#xD;&#xA;CorrelId = ${Root.MQMD.MsgId}&#xD;&#xA;Fecha y Hora = ${CURRENT_TIMESTAMP}&#xD;&#xA;-----------------------------------------------&#xD;&#xA;Root = ${CASE WHEN Root.MQRFH2.usr.Parametros.CONFIDENCIAL = 'S' THEN  'CONFIDENCIAL' ELSE Root END}&#xD;&#xA;Se registro en auditoria el evento: ${Root.XMLNSC.MENSAJE.DATOSAUDITORIA.TIPOMENSAJE}&#xD;&#xA;">
        <translation xmi:type="utility:ConstantString" string="T_info3"/>
      </nodes>
      <connections xmi:type="eflow:FCMConnection" xmi:id="FCMConnection_1" targetNode="FCMComposite_1_2" sourceNode="FCMComposite_1_1" sourceTerminalName="OutTerminal.failure" targetTerminalName="InTerminal.in"/>
      <connections xmi:type="eflow:FCMConnection" xmi:id="FCMConnection_2" targetNode="FCMComposite_1_2" sourceNode="FCMComposite_1_1" sourceTerminalName="OutTerminal.catch" targetTerminalName="InTerminal.in"/>
      <connections xmi:type="eflow:FCMConnection" xmi:id="FCMConnection_3" targetNode="FCMComposite_1_3" sourceNode="FCMComposite_1_1" sourceTerminalName="OutTerminal.out" targetTerminalName="InTerminal.in"/>
      <connections xmi:type="eflow:FCMConnection" xmi:id="FCMConnection_5" targetNode="FCMComposite_1_5" sourceNode="FCMComposite_1_4" sourceTerminalName="OutTerminal.out" targetTerminalName="InTerminal.in"/>
      <connections xmi:type="eflow:FCMConnection" xmi:id="FCMConnection_6" targetNode="FCMComposite_1_6" sourceNode="FCMComposite_1_5" sourceTerminalName="OutTerminal.out" targetTerminalName="InTerminal.in"/>
      <connections xmi:type="eflow:FCMConnection" xmi:id="FCMConnection_7" targetNode="FCMComposite_1_7" sourceNode="FCMComposite_1_6" sourceTerminalName="OutTerminal.out" targetTerminalName="InTerminal.in"/>
      <connections xmi:type="eflow:FCMConnection" xmi:id="FCMConnection_4" targetNode="FCMComposite_1_4" sourceNode="FCMComposite_1_3" sourceTerminalName="OutTerminal.out" targetTerminalName="InTerminal.in"/>
    </composition>
    <propertyOrganizer>
      <propertyDescriptor groupName="Group.Basic" configurable="true" describedAttribute="Property.PATH_OK">
        <propertyName xmi:type="utility:TranslatableString" key="Property.PATH_OK" bundleName="ib/bbva/esb/audit/FlowAuditingGeneric" pluginId="MFP_ESB_AUDITORIA"/>
        <propertyDescriptor groupName="Group.Basic" configurable="true" describedAttribute="Property.PATH_ERROR">
          <propertyName xmi:type="utility:TranslatableString" key="Property.PATH_ERROR" bundleName="ib/bbva/esb/audit/FlowAuditingGeneric" pluginId="MFP_ESB_AUDITORIA"/>
          <propertyDescriptor groupName="Group.Basic" propertyEditor="com.ibm.etools.mft.ibmnodes.editors.mq.RemoteQueueManagerNameEditor" configurable="true" describedAttribute="Property.destinationQueueManagerName">
            <propertyName xmi:type="utility:TranslatableString" key="Property.destinationQueueManagerName" bundleName="ComIbmMQInput" pluginId="com.ibm.etools.mft.ibmnodes.definitions"/>
            <propertyDescriptor groupName="Group.Basic" propertyEditor="com.ibm.etools.mft.ibmnodes.editors.mq.HostnamePropertyEditor" configurable="true" describedAttribute="Property.queueManagerHostname">
              <propertyName xmi:type="utility:TranslatableString" key="Property.queueManagerHostname" bundleName="ComIbmMQInput" pluginId="com.ibm.etools.mft.ibmnodes.definitions"/>
              <propertyDescriptor groupName="Group.Basic" propertyEditor="com.ibm.etools.mft.ibmnodes.editors.mq.PortPropertyEditor" configurable="true" describedAttribute="Property.listenerPortNumber">
                <propertyName xmi:type="utility:TranslatableString" key="Property.listenerPortNumber" bundleName="ComIbmMQInput" pluginId="com.ibm.etools.mft.ibmnodes.definitions"/>
                <propertyDescriptor groupName="Group.Basic" propertyEditor="com.ibm.etools.mft.ibmnodes.editors.mq.ChannelNameEditor" configurable="true" describedAttribute="Property.channelName">
                  <propertyName xmi:type="utility:TranslatableString" key="Property.channelName" bundleName="ComIbmMQInput" pluginId="com.ibm.etools.mft.ibmnodes.definitions"/>
                  <propertyDescriptor groupName="Group.Basic" configurable="true" describedAttribute="Property.dataSource">
                    <propertyName xmi:type="utility:TranslatableString" key="Property.dataSource" bundleName="ComIbmCompute" pluginId="com.ibm.etools.mft.ibmnodes.definitions"/>
                  </propertyDescriptor>
                </propertyDescriptor>
              </propertyDescriptor>
            </propertyDescriptor>
          </propertyDescriptor>
        </propertyDescriptor>
      </propertyDescriptor>
    </propertyOrganizer>
    <attributeLinks promotedAttribute="Property.PATH_OK" overriddenNodes="FCMComposite_1_3 FCMComposite_1_5 FCMComposite_1_7">
      <overriddenAttribute href="ComIbmTrace.msgnode#Property.filePath"/>
    </attributeLinks>
    <attributeLinks promotedAttribute="Property.PATH_ERROR" overriddenNodes="FCMComposite_1_2">
      <overriddenAttribute href="ComIbmTrace.msgnode#Property.filePath"/>
    </attributeLinks>
    <attributeLinks promotedAttribute="Property.destinationQueueManagerName" overriddenNodes="FCMComposite_1_1">
      <overriddenAttribute href="ComIbmMQInput.msgnode#Property.destinationQueueManagerName"/>
    </attributeLinks>
    <attributeLinks promotedAttribute="Property.queueManagerHostname" overriddenNodes="FCMComposite_1_1">
      <overriddenAttribute href="ComIbmMQInput.msgnode#Property.queueManagerHostname"/>
    </attributeLinks>
    <attributeLinks promotedAttribute="Property.listenerPortNumber" overriddenNodes="FCMComposite_1_1">
      <overriddenAttribute href="ComIbmMQInput.msgnode#Property.listenerPortNumber"/>
    </attributeLinks>
    <attributeLinks promotedAttribute="Property.channelName" overriddenNodes="FCMComposite_1_1">
      <overriddenAttribute href="ComIbmMQInput.msgnode#Property.channelName"/>
    </attributeLinks>
    <attributeLinks promotedAttribute="Property.dataSource" overriddenNodes="FCMComposite_1_6">
      <overriddenAttribute href="ComIbmCompute.msgnode#Property.dataSource"/>
    </attributeLinks>
    <stickyBoard/>
  </eClassifiers>
</ecore:EPackage>
