<?xml version="1.0" encoding="UTF-8"?>
<ecore:EPackage xmi:version="2.0" xmlns:xmi="http://www.omg.org/XMI" xmlns:ComIbmCompute.msgnode="ComIbmCompute.msgnode" xmlns:ComIbmLabel.msgnode="ComIbmLabel.msgnode" xmlns:ComIbmMQInput.msgnode="ComIbmMQInput.msgnode" xmlns:ComIbmMQOutput.msgnode="ComIbmMQOutput.msgnode" xmlns:ComIbmTrace.msgnode="ComIbmTrace.msgnode" xmlns:ecore="http://www.eclipse.org/emf/2002/Ecore" xmlns:eflow="http://www.ibm.com/wbi/2005/eflow" xmlns:ib_bbva_esb_murexgenerics_lib_SpecificErrorSubflow.subflow="ib/bbva/esb/murexgenerics/lib/SpecificErrorSubflow.subflow"
    xmlns:utility="http://www.ibm.com/wbi/2005/eflow_utility" nsURI="ib/bbva/esb/feesirdcs/FlowMQXml_FEESIRDCS.msgflow" nsPrefix="ib_bbva_esb_feesirdcs_FlowMQXml_FEESIRDCS.msgflow">
  <eClassifiers xmi:type="eflow:FCMComposite" name="FCMComposite_1">
    <eSuperTypes href="http://www.ibm.com/wbi/2005/eflow#//FCMBlock"/>
    <eStructuralFeatures xmi:type="ecore:EAttribute" xmi:id="Property.PATH_OK" name="PATH_OK" defaultValueLiteral="/logs/proyecto/murex/logsApp/Feesirdcs_OK.log">
      <eType xmi:type="ecore:EDataType" href="http://www.eclipse.org/emf/2002/Ecore#//EString"/>
    </eStructuralFeatures>
    <eStructuralFeatures xmi:type="ecore:EAttribute" xmi:id="Property.PATH_ERROR" name="PATH_ERROR" defaultValueLiteral="/logs/proyecto/murex/logsApp/Feesirdcs_ERROR.log">
      <eType xmi:type="ecore:EDataType" href="http://www.eclipse.org/emf/2002/Ecore#//EString"/>
    </eStructuralFeatures>
    <eStructuralFeatures xmi:type="ecore:EAttribute" xmi:id="Property.destinationQueueManagerName" name="destinationQueueManagerName" defaultValueLiteral="TMDW1">
      <eType xmi:type="ecore:EDataType" href="http://www.eclipse.org/emf/2002/Ecore#//EString"/>
    </eStructuralFeatures>
    <eStructuralFeatures xmi:type="ecore:EAttribute" xmi:id="Property.queueManagerHostname" name="queueManagerHostname" defaultValueLiteral="HOST">
      <eType xmi:type="ecore:EDataType" href="http://www.eclipse.org/emf/2002/Ecore#//EString"/>
    </eStructuralFeatures>
    <eStructuralFeatures xmi:type="ecore:EAttribute" xmi:id="Property.listenerPortNumber" name="listenerPortNumber" defaultValueLiteral="11111">
      <eType xmi:type="ecore:EDataType" href="http://www.eclipse.org/emf/2002/Ecore#//EString"/>
    </eStructuralFeatures>
    <eStructuralFeatures xmi:type="ecore:EAttribute" xmi:id="Property.channelName" name="channelName" defaultValueLiteral="CHANNEL">
      <eType xmi:type="ecore:EDataType" href="http://www.eclipse.org/emf/2002/Ecore#//EString"/>
    </eStructuralFeatures>
    <eStructuralFeatures xmi:type="ecore:EAttribute" xmi:id="Property.LISTMESSAGE_OK" name="LISTMESSAGE_OK" defaultValueLiteral="/logs/proyecto/murex/logsApp/FeesirdcsList.log">
      <eType xmi:type="ecore:EDataType" href="http://www.eclipse.org/emf/2002/Ecore#//EString"/>
    </eStructuralFeatures>
    <translation xmi:type="utility:TranslatableString" key="FlowMQXml_FEESIRDCS" bundleName="ib/bbva/esb/feesirdcs/FlowMQXml_FEESIRDCS" pluginId="APP_MX3_FEESIRDCS"/>
    <colorGraphic16 xmi:type="utility:GIFFileGraphic" resourceName="platform:/plugin/APP_MX3_FEESIRDCS/icons/full/obj16/FlowMQXml_FEESIRDCS.gif"/>
    <colorGraphic32 xmi:type="utility:GIFFileGraphic" resourceName="platform:/plugin/APP_MX3_FEESIRDCS/icons/full/obj30/FlowMQXml_FEESIRDCS.gif"/>
    <composition>
      <nodes xmi:type="ComIbmTrace.msgnode:FCMComposite_1" xmi:id="FCMComposite_1_1" location="153,160" destination="file" pattern="***********************************************************************************************************************&#xD;&#xA;[Info 1]-[ ${CURRENT_TIMESTAMP} ] MsgId = [${Root.MQMD.MsgId}] MQInput = [${Root.MQMD.SourceQueue}]&#xD;&#xA;***********************************************************************************************************************&#xD;&#xA;Datos MQMD = [CCSID: ${Root.MQMD.CodedCharSetId}]  -  [Encoding: ${Root.MQMD.Encoding}]  -  [MsgId: ${Root.MQMD.MsgId}]  -  [Queue In: ${Root.MQMD.ReplyToQ}]&#xD;&#xA;Root:[${Root}]">
        <translation xmi:type="utility:ConstantString" string="T_Info1"/>
      </nodes>
      <nodes xmi:type="ComIbmCompute.msgnode:FCMComposite_1" xmi:id="FCMComposite_1_2" location="406,161" dataSource="MUREX" computeExpression="esql://routine/ib.bbva.esb.feesirdcs#FlowMQ_FEESIRDCS_PrepareValidation.Main" computeMode="destinationAndMessage">
        <translation xmi:type="utility:ConstantString" string="PrepareValidation"/>
      </nodes>
      <nodes xmi:type="ComIbmTrace.msgnode:FCMComposite_1" xmi:id="FCMComposite_1_3" location="221,254" destination="none" pattern="**********************************************************************************************************************************************************&#xD;&#xA;[Info 6]  -  CorrelId = ${Root.MQMD.MsgId}  -  Fecha y Hora = '${CURRENT_TIMESTAMP}'&#xD;&#xA;**********************************************************************************************************************************************************&#xD;&#xA;Auditoria = ${Root.XMLNSC}&#xD;&#xA;Cola Destino = ${LocalEnvironment.Destination.MQ.DestinationData.queueName}  -  Qmgr ='${COALESCE(LocalEnvironment.Destination.MQ.DestinationData.queueManagername, '')}'">
        <translation xmi:type="utility:ConstantString" string="T_Info6"/>
      </nodes>
      <nodes xmi:type="ComIbmCompute.msgnode:FCMComposite_1" xmi:id="FCMComposite_1_5" location="583,162" computeExpression="esql://routine/ib.bbva.esb.feesirdcs#FlowMQ_FEESIRDCS_PrepareRequestSpectrum.Main" computeMode="destinationAndMessage">
        <translation xmi:type="utility:ConstantString" string="PrepareRequestSpectrum"/>
      </nodes>
      <nodes xmi:type="ComIbmLabel.msgnode:FCMComposite_1" xmi:id="FCMComposite_1_8" location="116,254" labelName="LBL_AUDIT">
        <translation xmi:type="utility:ConstantString" string="Lbl_Audit"/>
      </nodes>
      <nodes xmi:type="ComIbmCompute.msgnode:FCMComposite_1" xmi:id="FCMComposite_1_9" location="223,160" dataSource="APP_HUBACE" computeExpression="esql://routine/ib.bbva.esb.feesirdcs#FlowMQ_FEESIRDCS_GetParameters.Main" computeMode="destinationAndMessage">
        <translation xmi:type="utility:ConstantString" string="GetParameters"/>
      </nodes>
      <nodes xmi:type="ComIbmTrace.msgnode:FCMComposite_1" xmi:id="FCMComposite_1_10" location="218,317" destination="none" pattern="**********************************************************************************************************************************************************&#xD;&#xA;[Info 7]  -  CorrelId = ${Root.MQMD.MsgId}  -  Fecha y Hora = '${CURRENT_TIMESTAMP}'&#xD;&#xA;**********************************************************************************************************************************************************&#xD;&#xA;Events = ${Root.XMLNSC}&#xD;&#xA;Cola Destino = ${LocalEnvironment.Destination.MQ.DestinationData.queueName}  -  Qmgr ='${COALESCE(LocalEnvironment.Destination.MQ.DestinationData.queueManagername, '')}'">
        <translation xmi:type="utility:ConstantString" string="T_Info7"/>
      </nodes>
      <nodes xmi:type="ComIbmMQOutput.msgnode:FCMComposite_1" xmi:id="FCMComposite_1_12" location="312,254" connection="CLIENT" destinationQueueManagerName="TMDW1" queueManagerHostname="HOST" listenerPortNumber="11111" channelName="CHANNEL" destinationMode="list" transactionMode="no" persistenceMode="yes">
        <translation xmi:type="utility:ConstantString" string="QL.GEN.AUDIT.REQ.01"/>
      </nodes>
      <nodes xmi:type="ComIbmTrace.msgnode:FCMComposite_1" xmi:id="FCMComposite_1_13" location="256,55" destination="file" pattern="**********************************************************************************************************************************************************&#xD;&#xA;[Error 1]  -  CorrelId = ${Root.MQMD.MsgId}  -  Fecha y Hora = '${CURRENT_TIMESTAMP}'&#xD;&#xA;**********************************************************************************************************************************************************&#xD;&#xA;Error = ${ExceptionList}&#xD;&#xA;Trama_XML ='${CAST(ASBITSTREAM(Root.XMLNSC OPTIONS FolderBitStream CCSID 1208) AS CHAR CCSID 1208 ENCODING 0)}'&#xD;&#xA;&#xD;&#xA;">
        <translation xmi:type="utility:ConstantString" string="T_Error1"/>
      </nodes>
      <nodes xmi:type="ComIbmTrace.msgnode:FCMComposite_1" xmi:id="FCMComposite_1_16" location="518,162" destination="file" pattern="*******************************************************************************************************&#xD;&#xA;[Info 3]  -  MsgIdHub = ${Root.MQMD.MsgId}  -  Fecha y Hora = '${CURRENT_TIMESTAMP}'&#xD;&#xA;*******************************************************************************************************&#xD;&#xA;MessageId = ${Root.XMLNSC.DataProduct.MessageId} || DateTime  = ${Root.XMLNSC.DataProduct.DateTime} || OriginEvent =${Root.XMLNSC.DataProduct.OriginEvent} || EventType =${Root.XMLNSC.DataProduct.EventType} || TradeId = ${Root.XMLNSC.DataProduct.TradeId} || ContractRootId = ${Root.XMLNSC.DataProduct.ContractRootId} || TradeStatus = ${Root.XMLNSC.DataProduct.TradeStatus} || TradeVersion = ${Root.XMLNSC.DataProduct.TradeVersion} || ProductType = ${Root.XMLNSC.DataProduct.ProductType} || CodUpdMsg= ${Environment.CodErrorUCM} || DesUpdMsg= ${Environment.DescErrorUCM} || EventCancellation = ${Root.XMLNSC.DataProduct.FlagEventCancel}&#xD;&#xA;Root:[${Root}]">
        <translation xmi:type="utility:ConstantString" string="T_Info3"/>
      </nodes>
      <nodes xmi:type="ComIbmMQOutput.msgnode:FCMComposite_1" xmi:id="FCMComposite_1_17" location="822,163" connection="CLIENT" destinationQueueManagerName="TMDW1" queueManagerHostname="HOST" listenerPortNumber="11111" channelName="CHANNEL" destinationMode="list" transactionMode="no" persistenceMode="yes">
        <translation xmi:type="utility:ConstantString" string="AdapterOut"/>
      </nodes>
      <nodes xmi:type="ComIbmTrace.msgnode:FCMComposite_1" xmi:id="FCMComposite_1_18" location="488,55" destination="none" pattern="**********************************************************************************************************************************************************&#xD;&#xA;[Error 2]  -  CorrelId = ${Environment.Backup.MQMD.MsgId}  -  Fecha y Hora = '${CURRENT_TIMESTAMP}'&#xD;&#xA;**********************************************************************************************************************************************************&#xD;&#xA;Salida = ${CASE WHEN Environment.Backup.MQRFH2.usr.Parametros.CONFIDENCIAL = 'S' THEN  'LOGS NO DISPONIBLES' ELSE Root.MRM END}">
        <translation xmi:type="utility:ConstantString" string="T_Error2"/>
      </nodes>
      <nodes xmi:type="ComIbmMQOutput.msgnode:FCMComposite_1" xmi:id="FCMComposite_1_19" location="295,317" connection="CLIENT" destinationQueueManagerName="TMDW1" queueManagerHostname="HOST" listenerPortNumber="11111" channelName="CHANNEL" destinationMode="list" transactionMode="no" persistenceMode="yes">
        <translation xmi:type="utility:ConstantString" string="QL.GEN.EVENTS.HUB.REQ.01"/>
      </nodes>
      <nodes xmi:type="ComIbmTrace.msgnode:FCMComposite_1" xmi:id="FCMComposite_1_24" location="736,163" destination="file" pattern="*************************************************************************************************&#xD;&#xA;[Info 4]  -  MsgId = ${Root.MQMD.MsgId}  -  Fecha y Hora = '${CURRENT_TIMESTAMP}'&#xD;&#xA;*************************************************************************************************&#xD;&#xA;QueuePutSpectrum[${LocalEnvironment.Destination.MQ.DestinationData.queueName}]">
        <translation xmi:type="utility:ConstantString" string="T_Info4"/>
      </nodes>
      <nodes xmi:type="ComIbmLabel.msgnode:FCMComposite_1" xmi:id="FCMComposite_1_25" location="118,317" labelName="LBL_EVENT">
        <translation xmi:type="utility:ConstantString" string="Lbl_Event"/>
      </nodes>
      <nodes xmi:type="ComIbmTrace.msgnode:FCMComposite_1" xmi:id="FCMComposite_1_27" location="322,161" destination="file" pattern="******************************************************************************************************************************&#xD;&#xA;[Info 2]-[ ${CURRENT_TIMESTAMP} ] MsgId = [${Root.MQMD.MsgId}] MQInput = [${Root.MQMD.SourceQueue}]&#xD;&#xA;******************************************************************************************************************************&#xD;&#xA;MessageId = ${Root.XMLNSC.DataProduct.MessageId} || DateTime  = ${Root.XMLNSC.DataProduct.DateTime} || OriginEvent =${Root.XMLNSC.DataProduct.OriginEvent} || EventType =${Root.XMLNSC.DataProduct.EventType} || TradeId = ${Root.XMLNSC.DataProduct.TradeId} || ContractRootId = ${Root.XMLNSC.DataProduct.ContractRootId} || TradeStatus = ${Root.XMLNSC.DataProduct.TradeStatus} || TradeVersion = ${Root.XMLNSC.DataProduct.TradeVersion} || ProductType = ${Root.XMLNSC.DataProduct.ProductType} || EventCancellation = ${Root.XMLNSC.DataProduct.FlagEventCancel}">
        <translation xmi:type="utility:ConstantString" string="T_Info2"/>
      </nodes>
      <nodes xmi:type="ComIbmMQInput.msgnode:FCMComposite_1" xmi:id="FCMComposite_1_28" location="77,160" queueName="QL.MX3.FEESIRDCS.RQ" connection="CLIENT" destinationQueueManagerName="TMWD1" queueManagerHostname="HOST" listenerPortNumber="11111" channelName="CHANNEL" messageDomainProperty="XMLNSC" transactionMode="no">
        <translation xmi:type="utility:ConstantString" string="AdapterIn"/>
      </nodes>
      <nodes xmi:type="ComIbmMQOutput.msgnode:FCMComposite_1" xmi:id="FCMComposite_1_4" location="601,55" connection="CLIENT" destinationQueueManagerName="TMWD1" queueManagerHostname="HOST" listenerPortNumber="11111" channelName="CHANNEL" destinationMode="list" transactionMode="no" persistenceMode="yes">
        <translation xmi:type="utility:ConstantString" string="Q_Destino"/>
      </nodes>
      <nodes xmi:type="ComIbmTrace.msgnode:FCMComposite_1" xmi:id="FCMComposite_1_14" location="910,167" destination="file" filePath="/logs/proyecto/bim/logsApp/Feesirdcs.log" pattern="**********************************************************************************************************&#xD;&#xA;[Info 5]  -  CorrelId = ${Root.MQMD.MsgId}  -  Fecha y Hora = '${CURRENT_TIMESTAMP}'&#xD;&#xA;**********************************************************************************************************&#xD;&#xA;CodSuccessSpectrum= ${Environment.CodErrorUCM}">
        <translation xmi:type="utility:ConstantString" string="T_Info5"/>
      </nodes>
      <nodes xmi:type="ComIbmLabel.msgnode:FCMComposite_1" xmi:id="FCMComposite_1_15" location="99,380" labelName="LBL_LISTMESSAGE">
        <translation xmi:type="utility:ConstantString" string="Lbl_ListMessage"/>
      </nodes>
      <nodes xmi:type="ComIbmMQOutput.msgnode:FCMComposite_1" xmi:id="FCMComposite_1_21" location="311,380" connection="CLIENT" destinationQueueManagerName="TMDW1" queueManagerHostname="HOST" listenerPortNumber="11111" channelName="CHANNEL" destinationMode="list" transactionMode="no" persistenceMode="yes">
        <translation xmi:type="utility:ConstantString" string="QL.SPECTRUM.RECEP"/>
      </nodes>
      <nodes xmi:type="ComIbmTrace.msgnode:FCMComposite_1" xmi:id="FCMComposite_1_23" location="222,380" destination="file" pattern="**********************************************************************************************************************************************************&#xD;&#xA;[Info 1]  -  CorrelId = ${Root.MQMD.MsgId}  -  Fecha y Hora = '${CURRENT_TIMESTAMP}'&#xD;&#xA;**********************************************************************************************************************************************************&#xD;&#xA;Trama_XML ='${CAST(ASBITSTREAM(Root.XMLNSC OPTIONS FolderBitStream CCSID 1208) AS CHAR CCSID 1208 ENCODING 0)}'&#xD;&#xA;">
        <translation xmi:type="utility:ConstantString" string="T_InfoList"/>
      </nodes>
      <nodes xmi:type="ComIbmTrace.msgnode:FCMComposite_1" xmi:id="FCMComposite_1_29" location="467,384" destination="none" pattern="**********************************************************************************************************************************************************&#xD;&#xA;[Info 2]  -  CorrelId = ${Root.MQMD.MsgId}  -  Fecha y Hora = '${CURRENT_TIMESTAMP}'&#xD;&#xA;**********************************************************************************************************************************************************&#xD;&#xA;Root:${Root}&#xD;&#xA;">
        <translation xmi:type="utility:ConstantString" string="T_InfoList2"/>
      </nodes>
      <nodes xmi:type="ib_bbva_esb_murexgenerics_lib_SpecificErrorSubflow.subflow:FCMComposite_1" xmi:id="FCMComposite_1_6" location="344,55">
        <translation xmi:type="utility:ConstantString" string="SpecificErrorSubflow"/>
      </nodes>
      <connections xmi:type="eflow:FCMConnection" xmi:id="FCMConnection_1" targetNode="FCMComposite_1_12" sourceNode="FCMComposite_1_3" sourceTerminalName="OutTerminal.out" targetTerminalName="InTerminal.in"/>
      <connections xmi:type="eflow:FCMConnection" xmi:id="FCMConnection_2" targetNode="FCMComposite_1_10" sourceNode="FCMComposite_1_25" sourceTerminalName="OutTerminal.out" targetTerminalName="InTerminal.in"/>
      <connections xmi:type="eflow:FCMConnection" xmi:id="FCMConnection_3" targetNode="FCMComposite_1_13" sourceNode="FCMComposite_1_28" sourceTerminalName="OutTerminal.failure" targetTerminalName="InTerminal.in"/>
      <connections xmi:type="eflow:FCMConnection" xmi:id="FCMConnection_9" targetNode="FCMComposite_1_13" sourceNode="FCMComposite_1_28" sourceTerminalName="OutTerminal.catch" targetTerminalName="InTerminal.in"/>
      <connections xmi:type="eflow:FCMConnection" xmi:id="FCMConnection_10" targetNode="FCMComposite_1_1" sourceNode="FCMComposite_1_28" sourceTerminalName="OutTerminal.out" targetTerminalName="InTerminal.in"/>
      <connections xmi:type="eflow:FCMConnection" xmi:id="FCMConnection_11" targetNode="FCMComposite_1_3" sourceNode="FCMComposite_1_8" sourceTerminalName="OutTerminal.out" targetTerminalName="InTerminal.in"/>
      <connections xmi:type="eflow:FCMConnection" xmi:id="FCMConnection_13" targetNode="FCMComposite_1_19" sourceNode="FCMComposite_1_10" sourceTerminalName="OutTerminal.out" targetTerminalName="InTerminal.in"/>
      <connections xmi:type="eflow:FCMConnection" xmi:id="FCMConnection_25" targetNode="FCMComposite_1_9" sourceNode="FCMComposite_1_1" sourceTerminalName="OutTerminal.out" targetTerminalName="InTerminal.in"/>
      <connections xmi:type="eflow:FCMConnection" xmi:id="FCMConnection_18" targetNode="FCMComposite_1_4" sourceNode="FCMComposite_1_18" sourceTerminalName="OutTerminal.out" targetTerminalName="InTerminal.in"/>
      <connections xmi:type="eflow:FCMConnection" xmi:id="FCMConnection_4" targetNode="FCMComposite_1_14" sourceNode="FCMComposite_1_17" sourceTerminalName="OutTerminal.out" targetTerminalName="InTerminal.in"/>
      <connections xmi:type="eflow:FCMConnection" xmi:id="FCMConnection_5" targetNode="FCMComposite_1_27" sourceNode="FCMComposite_1_9" sourceTerminalName="OutTerminal.out" targetTerminalName="InTerminal.in"/>
      <connections xmi:type="eflow:FCMConnection" xmi:id="FCMConnection_12" targetNode="FCMComposite_1_23" sourceNode="FCMComposite_1_15" sourceTerminalName="OutTerminal.out" targetTerminalName="InTerminal.in"/>
      <connections xmi:type="eflow:FCMConnection" xmi:id="FCMConnection_15" targetNode="FCMComposite_1_21" sourceNode="FCMComposite_1_23" sourceTerminalName="OutTerminal.out" targetTerminalName="InTerminal.in"/>
      <connections xmi:type="eflow:FCMConnection" xmi:id="FCMConnection_16" targetNode="FCMComposite_1_29" sourceNode="FCMComposite_1_21" sourceTerminalName="OutTerminal.out" targetTerminalName="InTerminal.in"/>
      <connections xmi:type="eflow:FCMConnection" xmi:id="FCMConnection_14" targetNode="FCMComposite_1_2" sourceNode="FCMComposite_1_27" sourceTerminalName="OutTerminal.out" targetTerminalName="InTerminal.in"/>
      <connections xmi:type="eflow:FCMConnection" xmi:id="FCMConnection_17" targetNode="FCMComposite_1_16" sourceNode="FCMComposite_1_2" sourceTerminalName="OutTerminal.out" targetTerminalName="InTerminal.in"/>
      <connections xmi:type="eflow:FCMConnection" xmi:id="FCMConnection_23" targetNode="FCMComposite_1_24" sourceNode="FCMComposite_1_5" sourceTerminalName="OutTerminal.out" targetTerminalName="InTerminal.in"/>
      <connections xmi:type="eflow:FCMConnection" xmi:id="FCMConnection_24" targetNode="FCMComposite_1_5" sourceNode="FCMComposite_1_16" sourceTerminalName="OutTerminal.out" targetTerminalName="InTerminal.in"/>
      <connections xmi:type="eflow:FCMConnection" xmi:id="FCMConnection_26" targetNode="FCMComposite_1_17" sourceNode="FCMComposite_1_24" sourceTerminalName="OutTerminal.out" targetTerminalName="InTerminal.in"/>
      <connections xmi:type="eflow:FCMConnection" xmi:id="FCMConnection_6" targetNode="FCMComposite_1_6" sourceNode="FCMComposite_1_13" sourceTerminalName="OutTerminal.out" targetTerminalName="InTerminal.Input"/>
      <connections xmi:type="eflow:FCMConnection" xmi:id="FCMConnection_7" targetNode="FCMComposite_1_18" sourceNode="FCMComposite_1_6" sourceTerminalName="OutTerminal.Output" targetTerminalName="InTerminal.in"/>
    </composition>
    <propertyOrganizer>
      <propertyDescriptor groupName="Group.Basic" configurable="true" describedAttribute="Property.PATH_OK">
        <propertyName xmi:type="utility:TranslatableString" key="Property.PATH_OK" bundleName="ib/bbva/esb/feesirdcs/FlowMQXml_FEESIRDCS" pluginId="APP_MX3_FEESIRDCS"/>
        <propertyDescriptor groupName="Group.Basic" configurable="true" describedAttribute="Property.PATH_ERROR">
          <propertyName xmi:type="utility:TranslatableString" key="Property.PATH_ERROR" bundleName="ib/bbva/esb/feesirdcs/FlowMQXml_FEESIRDCS" pluginId="APP_MX3_FEESIRDCS"/>
          <propertyDescriptor groupName="Group.Basic" propertyEditor="com.ibm.etools.mft.ibmnodes.editors.mq.RemoteQueueManagerNameEditor" configurable="true" describedAttribute="Property.destinationQueueManagerName">
            <propertyName xmi:type="utility:TranslatableString" key="Property.destinationQueueManagerName" bundleName="ComIbmMQOutput" pluginId="com.ibm.etools.mft.ibmnodes.definitions"/>
            <propertyDescriptor groupName="Group.Basic" propertyEditor="com.ibm.etools.mft.ibmnodes.editors.mq.HostnamePropertyEditor" configurable="true" describedAttribute="Property.queueManagerHostname">
              <propertyName xmi:type="utility:TranslatableString" key="Property.queueManagerHostname" bundleName="ComIbmMQOutput" pluginId="com.ibm.etools.mft.ibmnodes.definitions"/>
              <propertyDescriptor groupName="Group.Basic" propertyEditor="com.ibm.etools.mft.ibmnodes.editors.mq.PortPropertyEditor" configurable="true" describedAttribute="Property.listenerPortNumber">
                <propertyName xmi:type="utility:TranslatableString" key="Property.listenerPortNumber" bundleName="ComIbmMQOutput" pluginId="com.ibm.etools.mft.ibmnodes.definitions"/>
                <propertyDescriptor groupName="Group.Basic" propertyEditor="com.ibm.etools.mft.ibmnodes.editors.mq.ChannelNameEditor" configurable="true" describedAttribute="Property.channelName">
                  <propertyName xmi:type="utility:TranslatableString" key="Property.channelName" bundleName="ComIbmMQOutput" pluginId="com.ibm.etools.mft.ibmnodes.definitions"/>
                  <propertyDescriptor groupName="Group.Basic" configurable="true" describedAttribute="Property.LISTMESSAGE_OK">
                    <propertyName xmi:type="utility:TranslatableString" key="Property.LISTMESSAGE_OK" bundleName="ib/bbva/esb/feesirdcs/FlowMQXml_FEESIRDCS" pluginId="APP_MX3_FEESIRDCS"/>
                  </propertyDescriptor>
                </propertyDescriptor>
              </propertyDescriptor>
            </propertyDescriptor>
          </propertyDescriptor>
        </propertyDescriptor>
      </propertyDescriptor>
    </propertyOrganizer>
    <attributeLinks promotedAttribute="Property.PATH_OK" overriddenNodes="FCMComposite_1_1 FCMComposite_1_27 FCMComposite_1_16 FCMComposite_1_24 FCMComposite_1_3 FCMComposite_1_10 FCMComposite_1_14">
      <overriddenAttribute href="ComIbmTrace.msgnode#Property.filePath"/>
    </attributeLinks>
    <attributeLinks promotedAttribute="Property.PATH_ERROR" overriddenNodes="FCMComposite_1_13 FCMComposite_1_18">
      <overriddenAttribute href="ComIbmTrace.msgnode#Property.filePath"/>
    </attributeLinks>
    <attributeLinks promotedAttribute="Property.destinationQueueManagerName" overriddenNodes="FCMComposite_1_12 FCMComposite_1_19 FCMComposite_1_17 FCMComposite_1_21">
      <overriddenAttribute href="ComIbmMQOutput.msgnode#Property.destinationQueueManagerName"/>
    </attributeLinks>
    <attributeLinks promotedAttribute="Property.destinationQueueManagerName" overriddenNodes="FCMComposite_1_28">
      <overriddenAttribute href="ComIbmMQInput.msgnode#Property.destinationQueueManagerName"/>
    </attributeLinks>
    <attributeLinks promotedAttribute="Property.queueManagerHostname" overriddenNodes="FCMComposite_1_12 FCMComposite_1_19 FCMComposite_1_17 FCMComposite_1_21">
      <overriddenAttribute href="ComIbmMQOutput.msgnode#Property.queueManagerHostname"/>
    </attributeLinks>
    <attributeLinks promotedAttribute="Property.queueManagerHostname" overriddenNodes="FCMComposite_1_28">
      <overriddenAttribute href="ComIbmMQInput.msgnode#Property.queueManagerHostname"/>
    </attributeLinks>
    <attributeLinks promotedAttribute="Property.listenerPortNumber" overriddenNodes="FCMComposite_1_12 FCMComposite_1_19 FCMComposite_1_17 FCMComposite_1_21">
      <overriddenAttribute href="ComIbmMQOutput.msgnode#Property.listenerPortNumber"/>
    </attributeLinks>
    <attributeLinks promotedAttribute="Property.listenerPortNumber" overriddenNodes="FCMComposite_1_28">
      <overriddenAttribute href="ComIbmMQInput.msgnode#Property.listenerPortNumber"/>
    </attributeLinks>
    <attributeLinks promotedAttribute="Property.channelName" overriddenNodes="FCMComposite_1_12 FCMComposite_1_19 FCMComposite_1_17 FCMComposite_1_21">
      <overriddenAttribute href="ComIbmMQOutput.msgnode#Property.channelName"/>
    </attributeLinks>
    <attributeLinks promotedAttribute="Property.channelName" overriddenNodes="FCMComposite_1_28">
      <overriddenAttribute href="ComIbmMQInput.msgnode#Property.channelName"/>
    </attributeLinks>
    <attributeLinks promotedAttribute="Property.LISTMESSAGE_OK" overriddenNodes="FCMComposite_1_23 FCMComposite_1_29">
      <overriddenAttribute href="ComIbmTrace.msgnode#Property.filePath"/>
    </attributeLinks>
    <stickyBoard/>
  </eClassifiers>
</ecore:EPackage>
