<?xml version="1.0" encoding="UTF-8"?>
<ecore:EPackage xmi:version="2.0" xmlns:xmi="http://www.omg.org/XMI" xmlns:ComIbmCompute.msgnode="ComIbmCompute.msgnode" xmlns:ComIbmMQInput.msgnode="ComIbmMQInput.msgnode" xmlns:ComIbmMQOutput.msgnode="ComIbmMQOutput.msgnode" xmlns:ComIbmTrace.msgnode="ComIbmTrace.msgnode" xmlns:ecore="http://www.eclipse.org/emf/2002/Ecore" xmlns:eflow="http://www.ibm.com/wbi/2005/eflow" xmlns:utility="http://www.ibm.com/wbi/2005/eflow_utility" nsURI="ib/bbva/esb/router/FlowMQXml_OPTSROUTER.msgflow" nsPrefix="ib_bbva_esb_router_FlowMQXml_OPTSROUTER.msgflow">
  <eClassifiers xmi:type="eflow:FCMComposite" name="FCMComposite_1">
    <eSuperTypes href="http://www.ibm.com/wbi/2005/eflow#//FCMBlock"/>
    <eStructuralFeatures xmi:type="ecore:EAttribute" xmi:id="Property.PATH_OK" name="PATH_OK" defaultValueLiteral="/logs/proyecto/murex/logsApp/Router_OK.log">
      <eType xmi:type="ecore:EDataType" href="http://www.eclipse.org/emf/2002/Ecore#//EString"/>
    </eStructuralFeatures>
    <eStructuralFeatures xmi:type="ecore:EAttribute" xmi:id="Property.PATH_ERROR" name="PATH_ERROR" defaultValueLiteral="/logs/proyecto/murex/logsApp/Router_ERROR.log">
      <eType xmi:type="ecore:EDataType" href="http://www.eclipse.org/emf/2002/Ecore#//EString"/>
    </eStructuralFeatures>
    <eStructuralFeatures xmi:type="ecore:EAttribute" xmi:id="Property.destinationQueueManagerName" name="destinationQueueManagerName" defaultValueLiteral="TMDW1">
      <eType xmi:type="ecore:EDataType" href="http://www.eclipse.org/emf/2002/Ecore#//EString"/>
    </eStructuralFeatures>
    <eStructuralFeatures xmi:type="ecore:EAttribute" xmi:id="Property.channelName" name="channelName" defaultValueLiteral="CHANNEL">
      <eType xmi:type="ecore:EDataType" href="http://www.eclipse.org/emf/2002/Ecore#//EString"/>
    </eStructuralFeatures>
    <eStructuralFeatures xmi:type="ecore:EAttribute" xmi:id="Property.listenerPortNumber" name="listenerPortNumber" defaultValueLiteral="11111">
      <eType xmi:type="ecore:EDataType" href="http://www.eclipse.org/emf/2002/Ecore#//EString"/>
    </eStructuralFeatures>
    <eStructuralFeatures xmi:type="ecore:EAttribute" xmi:id="Property.queueManagerHostname" name="queueManagerHostname" defaultValueLiteral="HOST">
      <eType xmi:type="ecore:EDataType" href="http://www.eclipse.org/emf/2002/Ecore#//EString"/>
    </eStructuralFeatures>
    <translation xmi:type="utility:TranslatableString" key="FlowMQXml_OPTSROUTER" bundleName="ib/bbva/esb/router/FlowMQXml_OPTSROUTER" pluginId="APP_MX3_OPTIONS_ROUTER"/>
    <colorGraphic16 xmi:type="utility:GIFFileGraphic" resourceName="platform:/plugin/APP_MX3_OPTIONS_ROUTER/icons/full/obj16/FlowMQXml_OPTSROUTER.gif"/>
    <colorGraphic32 xmi:type="utility:GIFFileGraphic" resourceName="platform:/plugin/APP_MX3_OPTIONS_ROUTER/icons/full/obj30/FlowMQXml_OPTSROUTER.gif"/>
    <composition>
      <nodes xmi:type="ComIbmTrace.msgnode:FCMComposite_1" xmi:id="FCMComposite_1_1" location="302,42" destination="file" filePath="D:/MUREX/Log/murex3_router.log" pattern="===============================================================================================&#xD;&#xA;PutMessageSpecific - [${CURRENT_TIMESTAMP}] QUEUE = [${LocalEnvironment.Destination.MQ.DestinationData.queueName}] MsgID = [${Root.MQMD.MsgId}]&#xD;&#xA;===============================================================================================&#xD;&#xA;LocalEnvironment[${LocalEnvironment}]&#xD;&#xA;">
        <translation xmi:type="utility:ConstantString" string="Info_3"/>
      </nodes>
      <nodes xmi:type="ComIbmTrace.msgnode:FCMComposite_1" xmi:id="FCMComposite_1_3" location="98,45" destination="file" filePath="D:/MUREX/Log/murex3_router.log" pattern="=================================================================================&#xD;&#xA;Entrada_Router-[ ${CURRENT_TIMESTAMP} ] MsgId = [${Root.MQMD.MsgId}] MQInput = [${Root.MQMD.SourceQueue}] UserIdentifier= [${Root.MQMD.UserIdentifier}] PutApplName= [${Root.MQMD.PutApplName}] - [CCSID: ${Root.MQMD.CodedCharSetId}]  -  [Encoding: ${Root.MQMD.Encoding}]  -  [MsgId: ${Root.MQMD.MsgId}] &#xD;&#xA;=================================================================================&#xD;&#xA;Trama_BLOB ='${Root.BLOB.BLOB}'">
        <translation xmi:type="utility:ConstantString" string="Info_1"/>
      </nodes>
      <nodes xmi:type="ComIbmTrace.msgnode:FCMComposite_1" xmi:id="FCMComposite_1_4" location="99,213" destination="file" filePath="D:/MUREX/Log/murex3_router_error.log" pattern="Error-[ ${CURRENT_TIMESTAMP} ] MsgId = [${Root.MQMD.MsgId}] MQInput = [${Root.MQMD.SourceQueue}]&#xD;&#xA;=================================================&#xD;&#xA;Error = ${ExceptionList}&#xD;&#xA;Env:'${Environment}'&#xD;&#xA;Trama_BLOB ='${Root.BLOB}'&#xD;&#xA;Trama_XML ='${CAST(ASBITSTREAM(Root.XMLNSC OPTIONS FolderBitStream CCSID 1208) AS CHAR CCSID 1208 ENCODING 0)}'&#xD;&#xA;&#xD;&#xA;">
        <translation xmi:type="utility:ConstantString" string="Info_Error"/>
      </nodes>
      <nodes xmi:type="ComIbmCompute.msgnode:FCMComposite_1" xmi:id="FCMComposite_1_5" location="243,102" dataSource="MUREX" computeExpression="esql://routine/ib.bbva.esb.router#FlowMQ_Murex_Router_Service.Main" computeMode="destinationAndMessage">
        <translation xmi:type="utility:ConstantString" string="RouterService"/>
      </nodes>
      <nodes xmi:type="ComIbmCompute.msgnode:FCMComposite_1" xmi:id="FCMComposite_1_7" location="139,101" dataSource="MUREX" computeExpression="esql://routine/ib.bbva.esb.router#FlowMQ_Murex_Obtener_Parametros.Main" computeMode="destinationAndMessage">
        <translation xmi:type="utility:ConstantString" string="GetParameters"/>
      </nodes>
      <nodes xmi:type="ComIbmTrace.msgnode:FCMComposite_1" xmi:id="FCMComposite_1_8" location="201,46" destination="file" pattern="=============================================================================================&#xD;&#xA;SendRouter-[ ${CURRENT_TIMESTAMP} ] MsgId = [${Root.MQMD.MsgId}] MQInput = [${Root.MQMD.SourceQueue}] UserIdentifier= [${Root.MQMD.UserIdentifier}] PutApplName= [${Root.MQMD.PutApplName}] - [CCSID: ${Root.MQMD.CodedCharSetId}]  -  [Encoding: ${Root.MQMD.Encoding}]  -  [MsgId: ${Root.MQMD.MsgId}] &#xD;&#xA;=============================================================================================&#xD;&#xA;Trama_XML ='${CAST(ASBITSTREAM(Root.XMLNSC OPTIONS FolderBitStream CCSID 1208) AS CHAR CCSID 1208 ENCODING 0)}'&#xD;&#xA;">
        <translation xmi:type="utility:ConstantString" string="Info_2"/>
      </nodes>
      <nodes xmi:type="ComIbmMQOutput.msgnode:FCMComposite_1" xmi:id="FCMComposite_1_6" location="349,103" connection="CLIENT" destinationQueueManagerName="TMDW1" queueManagerHostname="HOST" listenerPortNumber="11111" channelName="CHANNEL" destinationMode="list" transactionMode="no" persistenceMode="yes">
        <translation xmi:type="utility:ConstantString" string="AdapterOut"/>
      </nodes>
      <nodes xmi:type="ComIbmMQInput.msgnode:FCMComposite_1" xmi:id="FCMComposite_1_9" location="55,117" queueName="QL.MX3.RECEP" connection="CLIENT" destinationQueueManagerName="TMWD1" queueManagerHostname="HOST" listenerPortNumber="11111" channelName="CHANNEL" messageDomainProperty="BLOB" transactionMode="no">
        <translation xmi:type="utility:ConstantString" string="AdapterIn"/>
      </nodes>
      <nodes xmi:type="ComIbmTrace.msgnode:FCMComposite_1" xmi:id="FCMComposite_1_2" location="414,40" destination="file" pattern="**********************************************************************************************************&#xD;&#xA;ValidateMessageSpecific -   QUEUEMANAGER = [${LocalEnvironment.Destination.MQ.DestinationData.queueManagername}]  QUEUE = [${LocalEnvironment.Destination.MQ.DestinationData.queueName}]  CorrelId = ${Root.MQMD.MsgId}  -  Fecha y Hora = '${CURRENT_TIMESTAMP}'&#xD;&#xA;**********************************************************************************************************&#xD;&#xA;CodSuccessSpectrum1= ${Environment.MessageValidation}&#xD;&#xA;">
        <translation xmi:type="utility:ConstantString" string="Info_4"/>
      </nodes>
      <connections xmi:type="eflow:FCMConnection" xmi:id="FCMConnection_4" targetNode="FCMComposite_1_1" sourceNode="FCMComposite_1_5" sourceTerminalName="OutTerminal.out" targetTerminalName="InTerminal.in"/>
      <connections xmi:type="eflow:FCMConnection" xmi:id="FCMConnection_2" targetNode="FCMComposite_1_6" sourceNode="FCMComposite_1_1" sourceTerminalName="OutTerminal.out" targetTerminalName="InTerminal.in"/>
      <connections xmi:type="eflow:FCMConnection" xmi:id="FCMConnection_11" targetNode="FCMComposite_1_4" sourceNode="FCMComposite_1_9" sourceTerminalName="OutTerminal.failure" targetTerminalName="InTerminal.in"/>
      <connections xmi:type="eflow:FCMConnection" xmi:id="FCMConnection_12" targetNode="FCMComposite_1_3" sourceNode="FCMComposite_1_9" sourceTerminalName="OutTerminal.out" targetTerminalName="InTerminal.in"/>
      <connections xmi:type="eflow:FCMConnection" xmi:id="FCMConnection_3" targetNode="FCMComposite_1_7" sourceNode="FCMComposite_1_3" sourceTerminalName="OutTerminal.out" targetTerminalName="InTerminal.in"/>
      <connections xmi:type="eflow:FCMConnection" xmi:id="FCMConnection_5" targetNode="FCMComposite_1_5" sourceNode="FCMComposite_1_8" sourceTerminalName="OutTerminal.out" targetTerminalName="InTerminal.in"/>
      <connections xmi:type="eflow:FCMConnection" xmi:id="FCMConnection_6" targetNode="FCMComposite_1_8" sourceNode="FCMComposite_1_7" sourceTerminalName="OutTerminal.out" targetTerminalName="InTerminal.in"/>
      <connections xmi:type="eflow:FCMConnection" xmi:id="FCMConnection_1" targetNode="FCMComposite_1_4" sourceNode="FCMComposite_1_9" sourceTerminalName="OutTerminal.catch" targetTerminalName="InTerminal.in"/>
      <connections xmi:type="eflow:FCMConnection" xmi:id="FCMConnection_7" targetNode="FCMComposite_1_2" sourceNode="FCMComposite_1_6" sourceTerminalName="OutTerminal.out" targetTerminalName="InTerminal.in"/>
    </composition>
    <propertyOrganizer>
      <propertyDescriptor groupName="Group.Basic" configurable="true" describedAttribute="Property.PATH_OK">
        <propertyName xmi:type="utility:TranslatableString" key="Property.PATH_OK" bundleName="ib/bbva/esb/router/FlowMQXml_OPTSROUTER" pluginId="APP_MX3_OPTIONS_ROUTER"/>
        <propertyDescriptor groupName="Group.Basic" configurable="true" describedAttribute="Property.PATH_ERROR">
          <propertyName xmi:type="utility:TranslatableString" key="Property.PATH_ERROR" bundleName="ib/bbva/esb/router/FlowMQXml_OPTSROUTER" pluginId="APP_MX3_OPTIONS_ROUTER"/>
          <propertyDescriptor groupName="Group.Basic" propertyEditor="com.ibm.etools.mft.ibmnodes.editors.mq.RemoteQueueManagerNameEditor" configurable="true" describedAttribute="Property.destinationQueueManagerName">
            <propertyName xmi:type="utility:TranslatableString" key="Property.destinationQueueManagerName" bundleName="ComIbmMQOutput" pluginId="com.ibm.etools.mft.ibmnodes.definitions"/>
            <propertyDescriptor groupName="Group.Basic" propertyEditor="com.ibm.etools.mft.ibmnodes.editors.mq.ChannelNameEditor" configurable="true" describedAttribute="Property.channelName">
              <propertyName xmi:type="utility:TranslatableString" key="Property.channelName" bundleName="ComIbmMQOutput" pluginId="com.ibm.etools.mft.ibmnodes.definitions"/>
              <propertyDescriptor groupName="Group.Basic" propertyEditor="com.ibm.etools.mft.ibmnodes.editors.mq.PortPropertyEditor" configurable="true" describedAttribute="Property.listenerPortNumber">
                <propertyName xmi:type="utility:TranslatableString" key="Property.listenerPortNumber" bundleName="ComIbmMQOutput" pluginId="com.ibm.etools.mft.ibmnodes.definitions"/>
                <propertyDescriptor groupName="Group.Basic" propertyEditor="com.ibm.etools.mft.ibmnodes.editors.mq.HostnamePropertyEditor" configurable="true" describedAttribute="Property.queueManagerHostname">
                  <propertyName xmi:type="utility:TranslatableString" key="Property.queueManagerHostname" bundleName="ComIbmMQOutput" pluginId="com.ibm.etools.mft.ibmnodes.definitions"/>
                </propertyDescriptor>
              </propertyDescriptor>
            </propertyDescriptor>
          </propertyDescriptor>
        </propertyDescriptor>
      </propertyDescriptor>
    </propertyOrganizer>
    <attributeLinks promotedAttribute="Property.PATH_OK" overriddenNodes="FCMComposite_1_1 FCMComposite_1_3 FCMComposite_1_8 FCMComposite_1_2">
      <overriddenAttribute href="ComIbmTrace.msgnode#Property.filePath"/>
    </attributeLinks>
    <attributeLinks promotedAttribute="Property.PATH_ERROR" overriddenNodes="FCMComposite_1_4">
      <overriddenAttribute href="ComIbmTrace.msgnode#Property.filePath"/>
    </attributeLinks>
    <attributeLinks promotedAttribute="Property.destinationQueueManagerName" overriddenNodes="FCMComposite_1_6">
      <overriddenAttribute href="ComIbmMQOutput.msgnode#Property.destinationQueueManagerName"/>
    </attributeLinks>
    <attributeLinks promotedAttribute="Property.destinationQueueManagerName" overriddenNodes="FCMComposite_1_9">
      <overriddenAttribute href="ComIbmMQInput.msgnode#Property.destinationQueueManagerName"/>
    </attributeLinks>
    <attributeLinks promotedAttribute="Property.channelName" overriddenNodes="FCMComposite_1_6">
      <overriddenAttribute href="ComIbmMQOutput.msgnode#Property.channelName"/>
    </attributeLinks>
    <attributeLinks promotedAttribute="Property.channelName" overriddenNodes="FCMComposite_1_9">
      <overriddenAttribute href="ComIbmMQInput.msgnode#Property.channelName"/>
    </attributeLinks>
    <attributeLinks promotedAttribute="Property.listenerPortNumber" overriddenNodes="FCMComposite_1_6">
      <overriddenAttribute href="ComIbmMQOutput.msgnode#Property.listenerPortNumber"/>
    </attributeLinks>
    <attributeLinks promotedAttribute="Property.listenerPortNumber" overriddenNodes="FCMComposite_1_9">
      <overriddenAttribute href="ComIbmMQInput.msgnode#Property.listenerPortNumber"/>
    </attributeLinks>
    <attributeLinks promotedAttribute="Property.queueManagerHostname" overriddenNodes="FCMComposite_1_6">
      <overriddenAttribute href="ComIbmMQOutput.msgnode#Property.queueManagerHostname"/>
    </attributeLinks>
    <attributeLinks promotedAttribute="Property.queueManagerHostname" overriddenNodes="FCMComposite_1_9">
      <overriddenAttribute href="ComIbmMQInput.msgnode#Property.queueManagerHostname"/>
    </attributeLinks>
    <stickyBoard/>
  </eClassifiers>
</ecore:EPackage>
