<?xml version="1.0" encoding="UTF-8"?>
<ecore:EPackage xmi:version="2.0" xmlns:xmi="http://www.omg.org/XMI" xmlns:ComIbmCompute.msgnode="ComIbmCompute.msgnode" xmlns:ComIbmLabel.msgnode="ComIbmLabel.msgnode" xmlns:ComIbmMQOutput.msgnode="ComIbmMQOutput.msgnode" xmlns:ComIbmTrace.msgnode="ComIbmTrace.msgnode" xmlns:ecore="http://www.eclipse.org/emf/2002/Ecore" xmlns:eflow="http://www.ibm.com/wbi/2005/eflow" xmlns:utility="http://www.ibm.com/wbi/2005/eflow_utility" nsURI="ib/bbva/esb/murexgenerics/lib/SpecificErrorSubflow.subflow" nsPrefix="ib_bbva_esb_murexgenerics_lib_SpecificErrorSubflow.subflow">
  <eClassifiers xmi:type="eflow:FCMComposite" name="FCMComposite_1" useDefaults="true" udpSupport="true">
    <eSuperTypes href="http://www.ibm.com/wbi/2005/eflow#//FCMBlock"/>
    <eStructuralFeatures xmi:type="ecore:EAttribute" xmi:id="Property.channelName" name="channelName" defaultValueLiteral="CHANNEL">
      <eType xmi:type="ecore:EDataType" href="http://www.eclipse.org/emf/2002/Ecore#//EString"/>
    </eStructuralFeatures>
    <eStructuralFeatures xmi:type="ecore:EAttribute" xmi:id="Property.listenerPortNumber" name="listenerPortNumber" defaultValueLiteral="11111">
      <eType xmi:type="ecore:EDataType" href="http://www.eclipse.org/emf/2002/Ecore#//EString"/>
    </eStructuralFeatures>
    <eStructuralFeatures xmi:type="ecore:EAttribute" xmi:id="Property.destinationQueueManagerName" name="destinationQueueManagerName" defaultValueLiteral="TMDW1">
      <eType xmi:type="ecore:EDataType" href="http://www.eclipse.org/emf/2002/Ecore#//EString"/>
    </eStructuralFeatures>
    <eStructuralFeatures xmi:type="ecore:EAttribute" xmi:id="Property.queueManagerHostname" name="queueManagerHostname" defaultValueLiteral="HOST">
      <eType xmi:type="ecore:EDataType" href="http://www.eclipse.org/emf/2002/Ecore#//EString"/>
    </eStructuralFeatures>
    <translation xmi:type="utility:TranslatableString" key="SpecificErrorSubflow" bundleName="ib/bbva/esb/murexgenerics/lib/SpecificErrorSubflow" pluginId="LIB_ESB_MX3_GENERICS"/>
    <colorGraphic16 xmi:type="utility:GIFFileGraphic" resourceName="platform:/plugin/LIB_ESB_MX3_GENERICS/icons/full/obj16/SpecificErrorSubflow.gif"/>
    <colorGraphic32 xmi:type="utility:GIFFileGraphic" resourceName="platform:/plugin/LIB_ESB_MX3_GENERICS/icons/full/obj30/SpecificErrorSubflow.gif"/>
    <composition>
      <nodes xmi:type="eflow:FCMSource" xmi:id="InTerminal.Input" location="170,153">
        <translation xmi:type="utility:TranslatableString" key="InTerminal.Input" bundleName="ib/bbva/esb/murexgenerics/lib/SpecificErrorSubflow" pluginId="LIB_ESB_MX3_GENERICS"/>
      </nodes>
      <nodes xmi:type="ComIbmLabel.msgnode:FCMComposite_1" xmi:id="FCMComposite_1_1" location="169,243" labelName="LBL_ERROR">
        <translation xmi:type="utility:ConstantString" string="Lbl_Error"/>
      </nodes>
      <nodes xmi:type="ComIbmMQOutput.msgnode:FCMComposite_1" xmi:id="FCMComposite_1_2" location="353,243" connection="CLIENT" destinationQueueManagerName="TMDW1" queueManagerHostname="HOST" listenerPortNumber="11111" channelName="CHANNEL" destinationMode="list" transactionMode="no" persistenceMode="yes">
        <translation xmi:type="utility:ConstantString" string="QL.GEN.ERROR.REQ.01"/>
      </nodes>
      <nodes xmi:type="ComIbmTrace.msgnode:FCMComposite_1" xmi:id="FCMComposite_1_3" location="261,243" destination="none" filePath="/logs/proyecto/murex/logsApp/_ERROR_.log" pattern="**********************************************************************************************************************************************************&#xD;&#xA;[Error 3]  -  CorrelId = ${Root.MQMD.MsgId}  -  Fecha y Hora = '${CURRENT_TIMESTAMP}'&#xD;&#xA;**********************************************************************************************************************************************************&#xD;&#xA;Root = ${CASE WHEN Environment.Backup.MQRFH2.usr.Parametros.CONFIDENCIAL = 'S' THEN  'LOGS NO DISPONIBLES' ELSE Root END}&#xD;&#xA;Error = ${Environment.Error}&#xD;&#xA;Cola Destino = ${LocalEnvironment.Destination.MQ.DestinationData.queueName}  -  Qmgr ='${COALESCE(LocalEnvironment.Destination.MQ.DestinationData.queueManagername, '')}'">
        <translation xmi:type="utility:ConstantString" string="T_Error3"/>
      </nodes>
      <nodes xmi:type="ComIbmCompute.msgnode:FCMComposite_1" xmi:id="FCMComposite_1_4" location="261,153" computeExpression="esql://routine/ib.bbva.esb.murexgenerics.lib#FlowXML_PrepararMensajeError.Main" computeMode="destinationAndMessage">
        <translation xmi:type="utility:ConstantString" string="PrepararMensajeError"/>
      </nodes>
      <nodes xmi:type="eflow:FCMSink" xmi:id="OutTerminal.Output" location="422,154">
        <translation xmi:type="utility:TranslatableString" key="OutTerminal.Output" bundleName="ib/bbva/esb/murexgenerics/lib/SpecificErrorSubflow" pluginId="LIB_ESB_MX3_GENERICS"/>
      </nodes>
      <connections xmi:type="eflow:FCMConnection" xmi:id="FCMConnection_1" targetNode="FCMComposite_1_3" sourceNode="FCMComposite_1_1" sourceTerminalName="OutTerminal.out" targetTerminalName="InTerminal.in"/>
      <connections xmi:type="eflow:FCMConnection" xmi:id="FCMConnection_2" targetNode="FCMComposite_1_2" sourceNode="FCMComposite_1_3" sourceTerminalName="OutTerminal.out" targetTerminalName="InTerminal.in"/>
      <connections xmi:type="eflow:FCMConnection" xmi:id="FCMConnection_3" targetNode="FCMComposite_1_4" sourceNode="InTerminal.Input" sourceTerminalName="OutTerminal.out" targetTerminalName="InTerminal.in"/>
      <connections xmi:type="eflow:FCMConnection" xmi:id="FCMConnection_4" targetNode="OutTerminal.Output" sourceNode="FCMComposite_1_4" sourceTerminalName="OutTerminal.out" targetTerminalName="InTerminal.in"/>
    </composition>
    <propertyOrganizer>
      <propertyDescriptor groupName="Group.Basic" propertyEditor="com.ibm.etools.mft.ibmnodes.editors.mq.ChannelNameEditor" configurable="true" describedAttribute="Property.channelName">
        <propertyName xmi:type="utility:TranslatableString" key="Property.channelName" bundleName="ComIbmMQOutput" pluginId="com.ibm.etools.mft.ibmnodes.definitions"/>
        <propertyDescriptor groupName="Group.Basic" propertyEditor="com.ibm.etools.mft.ibmnodes.editors.mq.PortPropertyEditor" configurable="true" describedAttribute="Property.listenerPortNumber">
          <propertyName xmi:type="utility:TranslatableString" key="Property.listenerPortNumber" bundleName="ComIbmMQOutput" pluginId="com.ibm.etools.mft.ibmnodes.definitions"/>
          <propertyDescriptor groupName="Group.Basic" propertyEditor="com.ibm.etools.mft.ibmnodes.editors.mq.RemoteQueueManagerNameEditor" configurable="true" describedAttribute="Property.destinationQueueManagerName">
            <propertyName xmi:type="utility:TranslatableString" key="Property.destinationQueueManagerName" bundleName="ComIbmMQOutput" pluginId="com.ibm.etools.mft.ibmnodes.definitions"/>
            <propertyDescriptor groupName="Group.Basic" propertyEditor="com.ibm.etools.mft.ibmnodes.editors.mq.HostnamePropertyEditor" configurable="true" describedAttribute="Property.queueManagerHostname">
              <propertyName xmi:type="utility:TranslatableString" key="Property.queueManagerHostname" bundleName="ComIbmMQOutput" pluginId="com.ibm.etools.mft.ibmnodes.definitions"/>
            </propertyDescriptor>
          </propertyDescriptor>
        </propertyDescriptor>
      </propertyDescriptor>
    </propertyOrganizer>
    <attributeLinks promotedAttribute="Property.channelName" overriddenNodes="FCMComposite_1_2">
      <overriddenAttribute href="ComIbmMQOutput.msgnode#Property.channelName"/>
    </attributeLinks>
    <attributeLinks promotedAttribute="Property.listenerPortNumber" overriddenNodes="FCMComposite_1_2">
      <overriddenAttribute href="ComIbmMQOutput.msgnode#Property.listenerPortNumber"/>
    </attributeLinks>
    <attributeLinks promotedAttribute="Property.destinationQueueManagerName" overriddenNodes="FCMComposite_1_2">
      <overriddenAttribute href="ComIbmMQOutput.msgnode#Property.destinationQueueManagerName"/>
    </attributeLinks>
    <attributeLinks promotedAttribute="Property.queueManagerHostname" overriddenNodes="FCMComposite_1_2">
      <overriddenAttribute href="ComIbmMQOutput.msgnode#Property.queueManagerHostname"/>
    </attributeLinks>
    <stickyBoard/>
  </eClassifiers>
</ecore:EPackage>
